first_name,last_name,email,password
john,doe,john.doe@example.com,abc123
jane,doe,jane.doe@example.com,xyz456
Anirudh,Vijayaraghavan,vijayaraghavan.a@northeastern.edu,asdasdasd
anirudh,asdasd,aniruh1997@hotmail.com,asdasd2123
asdalsd,asldij,asod@lakd,asdakke
Aravind,,vijayaraghavan.aravind@north.edu,adsas12133
Andal,Vijayaragahvan,asd@hotmail.com,232323
Anirudh,V,anirudh1997@hotmail.com,Ad13
Nagendra,Babu,shakamuri.n@northeastern.edu,1234